-- phpMyAdmin SQL Dump
-- version 5.2.1
-- https://www.phpmyadmin.net/
--
-- Host: 127.0.0.1
-- Generation Time: Aug 05, 2025 at 11:05 AM
-- Server version: 10.4.32-MariaDB
-- PHP Version: 8.2.12

SET SQL_MODE = "NO_AUTO_VALUE_ON_ZERO";
START TRANSACTION;
SET time_zone = "+00:00";


/*!40101 SET @OLD_CHARACTER_SET_CLIENT=@@CHARACTER_SET_CLIENT */;
/*!40101 SET @OLD_CHARACTER_SET_RESULTS=@@CHARACTER_SET_RESULTS */;
/*!40101 SET @OLD_COLLATION_CONNECTION=@@COLLATION_CONNECTION */;
/*!40101 SET NAMES utf8mb4 */;

--
-- Database: `db_ppi`
--

-- --------------------------------------------------------

--
-- Table structure for table `indikators`
--

CREATE TABLE `indikators` (
  `indikator_id` int(11) NOT NULL,
  `indikator_jenis` text NOT NULL,
  `indikator_isi` varchar(255) NOT NULL
) ENGINE=InnoDB DEFAULT CHARSET=latin1 COLLATE=latin1_swedish_ci;

--
-- Dumping data for table `indikators`
--

INSERT INTO `indikators` (`indikator_id`, `indikator_jenis`, `indikator_isi`) VALUES
(1, 'MBTJ', 'Tersedia tempat limbah benda tajam yang sesuai'),
(2, 'MBTJ', 'Tempat limbah benda tajam diletakkan di tempat yang aman'),
(3, 'MBTJ', 'Tempat limbah benda tajam dirakit dengan benar'),
(4, 'MBTJ', 'Isi limbah benda tajam tidak lebih dari 3/4 penuh'),
(5, 'MBTJ', 'Tidak ada limbah benda tajam yang keluar dari tempat sampah'),
(6, 'MBTJ', 'Limbah tajam langsung dibuang ke tempat limbah benda tajam'),
(7, 'MBTJ', 'Jika sudah 3/4 penuh, tempat limbah tajam ditutup rapat dan dimasukkan ke tempat limbah infeksius'),
(8, 'MBTJ', 'Memastikan setiap tindakan yang menggunakan jarum dibuang ke tempat safetybox'),
(9, 'MBTJ', 'Memastikan setiap tindakan yang menggunakan jarum dibuang ke tempat safetybox'),
(10, 'MPKDA', 'Pembersihan rutin mobil ambulance dilakukan 1 minggu sekali oleh shift sore'),
(11, 'MPKDA', 'Apabila mobil dan peralatan di dalam nya sudah terpakai dan tercemar oleh cairan tubuh, darah, urine pasien maka dilakukan dekontaminasi'),
(12, 'MPKDA', 'Proses dekontaminasi dilakukan di samping IGD dengan menggunakan bahan disinfektan yang mengandung priseft 0.5%'),
(13, 'MPKDA', 'Petugas mencuci tangan'),
(14, 'MPKDA', 'Petugas menggunakan alat pelindung diri masker dan sarung tangan'),
(15, 'MPKDA', 'Petugas mengeluarkan stretcher dari mobil ambulance lalu melepas linen'),
(16, 'MPKDA', 'Petugas menyapu ruangan ambulance dari sisi terjauh, sampai di bawah tempat duduk'),
(17, 'MPKDA', 'Petugas mulai membersihkan sisi luar mobil dengan air mengalir, cuci dan lap dengan sabun kemudian bilas kembali dengan air mengalir dan keringkan kembali'),
(18, 'MPKDA', 'Petugas merapikan kembali ruangan mobil ambulance dan semua alat-alat di dalamnya'),
(19, 'MPKDA', 'Petugas melepaskan alat pelindung diri dan mencuci tangan');

-- --------------------------------------------------------

--
-- Table structure for table `monitoring_ambulance`
--

CREATE TABLE `monitoring_ambulance` (
  `id` int(11) NOT NULL,
  `user_id` int(11) NOT NULL,
  `indikator_id` varchar(255) NOT NULL,
  `minggu` int(11) NOT NULL,
  `nilai` int(11) NOT NULL,
  `waktu` date NOT NULL DEFAULT current_timestamp()
) ENGINE=InnoDB DEFAULT CHARSET=latin1 COLLATE=latin1_swedish_ci;

--
-- Dumping data for table `monitoring_ambulance`
--

INSERT INTO `monitoring_ambulance` (`id`, `user_id`, `indikator_id`, `minggu`, `nilai`, `waktu`) VALUES
(0, 1, '10', 1, 1, '2025-08-05'),
(0, 1, '11', 1, 1, '2025-08-05'),
(0, 1, '12', 1, 1, '2025-08-05'),
(0, 1, '13', 1, 1, '2025-08-05'),
(0, 1, '14', 1, 1, '2025-08-05'),
(0, 1, '15', 1, 1, '2025-08-05'),
(0, 1, '16', 1, 1, '2025-08-05'),
(0, 1, '17', 1, 1, '2025-08-05'),
(0, 1, '18', 1, 1, '2025-08-05'),
(0, 1, '19', 1, 0, '2025-08-05');

-- --------------------------------------------------------

--
-- Table structure for table `monitoring_benda_tajam`
--

CREATE TABLE `monitoring_benda_tajam` (
  `id` int(11) NOT NULL,
  `user_id` int(11) NOT NULL,
  `indikator_id` varchar(255) NOT NULL,
  `minggu` int(11) NOT NULL,
  `nilai` int(11) NOT NULL,
  `waktu` date NOT NULL DEFAULT current_timestamp()
) ENGINE=InnoDB DEFAULT CHARSET=latin1 COLLATE=latin1_swedish_ci;

--
-- Dumping data for table `monitoring_benda_tajam`
--

INSERT INTO `monitoring_benda_tajam` (`id`, `user_id`, `indikator_id`, `minggu`, `nilai`, `waktu`) VALUES
(91, 1, '1', 1, 0, '2025-01-01'),
(92, 1, '1', 2, 0, '2025-01-01'),
(93, 1, '1', 3, 0, '2025-01-01'),
(94, 1, '1', 4, 0, '2025-01-01'),
(95, 1, '2', 1, 0, '2025-01-01'),
(96, 1, '2', 2, 0, '2025-01-01'),
(97, 1, '2', 3, 0, '2025-01-01'),
(98, 1, '2', 4, 0, '2025-01-01'),
(99, 1, '3', 1, 0, '2025-01-01'),
(100, 1, '3', 2, 0, '2025-01-01'),
(101, 1, '3', 3, 0, '2025-01-01'),
(102, 1, '3', 4, 0, '2025-01-01'),
(103, 1, '4', 1, 0, '2025-01-01'),
(104, 1, '4', 2, 0, '2025-01-01'),
(105, 1, '4', 3, 0, '2025-01-01'),
(106, 1, '4', 4, 0, '2025-01-01'),
(107, 1, '5', 1, 0, '2025-01-01'),
(108, 1, '5', 2, 0, '2025-01-01'),
(109, 1, '5', 3, 0, '2025-01-01'),
(110, 1, '5', 4, 0, '2025-01-01'),
(111, 1, '6', 1, 0, '2025-01-01'),
(112, 1, '6', 2, 0, '2025-01-01'),
(113, 1, '6', 3, 0, '2025-01-01'),
(114, 1, '6', 4, 0, '2025-01-01'),
(115, 1, '7', 1, 0, '2025-01-01'),
(116, 1, '7', 2, 0, '2025-01-01'),
(117, 1, '7', 3, 0, '2025-01-01'),
(118, 1, '7', 4, 0, '2025-01-01'),
(119, 1, '8', 1, 0, '2025-01-01'),
(120, 1, '8', 2, 0, '2025-01-01'),
(121, 1, '8', 3, 0, '2025-01-01'),
(122, 1, '8', 4, 0, '2025-01-01'),
(123, 1, '9', 1, 0, '2025-01-01'),
(124, 1, '9', 2, 0, '2025-01-01'),
(125, 1, '9', 3, 0, '2025-01-01'),
(126, 1, '9', 4, 0, '2025-01-01'),
(127, 1, '1', 1, 0, '2025-02-01'),
(128, 1, '1', 2, 0, '2025-02-01'),
(129, 1, '1', 3, 0, '2025-02-01'),
(130, 1, '1', 4, 0, '2025-02-01'),
(131, 1, '2', 1, 0, '2025-02-01'),
(132, 1, '2', 2, 0, '2025-02-01'),
(133, 1, '2', 3, 0, '2025-02-01'),
(134, 1, '2', 4, 0, '2025-02-01'),
(135, 1, '3', 1, 0, '2025-02-01'),
(136, 1, '3', 2, 0, '2025-02-01'),
(137, 1, '3', 3, 0, '2025-02-01'),
(138, 1, '3', 4, 0, '2025-02-01'),
(139, 1, '4', 1, 0, '2025-02-01'),
(140, 1, '4', 2, 0, '2025-02-01'),
(141, 1, '4', 3, 0, '2025-02-01'),
(142, 1, '4', 4, 0, '2025-02-01'),
(143, 1, '5', 1, 0, '2025-02-01'),
(144, 1, '5', 2, 0, '2025-02-01'),
(145, 1, '5', 3, 0, '2025-02-01'),
(146, 1, '5', 4, 0, '2025-02-01'),
(147, 1, '6', 1, 0, '2025-02-01'),
(148, 1, '6', 2, 0, '2025-02-01'),
(149, 1, '6', 3, 0, '2025-02-01'),
(150, 1, '6', 4, 0, '2025-02-01'),
(151, 1, '7', 1, 0, '2025-02-01'),
(152, 1, '7', 2, 0, '2025-02-01'),
(153, 1, '7', 3, 0, '2025-02-01'),
(154, 1, '7', 4, 0, '2025-02-01'),
(155, 1, '8', 1, 0, '2025-02-01'),
(156, 1, '8', 2, 0, '2025-02-01'),
(157, 1, '8', 3, 0, '2025-02-01'),
(158, 1, '8', 4, 0, '2025-02-01'),
(159, 1, '9', 1, 0, '2025-02-01'),
(160, 1, '9', 2, 0, '2025-02-01'),
(161, 1, '9', 3, 0, '2025-02-01'),
(162, 1, '9', 4, 0, '2025-02-01'),
(163, 1, '1', 1, 1, '2025-03-01'),
(164, 1, '1', 2, 1, '2025-03-01'),
(165, 1, '1', 3, 1, '2025-03-01'),
(166, 1, '1', 4, 1, '2025-03-01'),
(167, 1, '2', 1, 1, '2025-03-01'),
(168, 1, '2', 2, 0, '2025-03-01'),
(169, 1, '2', 3, 0, '2025-03-01'),
(170, 1, '2', 4, 1, '2025-03-01'),
(171, 1, '3', 1, 0, '2025-03-01'),
(172, 1, '3', 2, 0, '2025-03-01'),
(173, 1, '3', 3, 0, '2025-03-01'),
(174, 1, '3', 4, 0, '2025-03-01'),
(175, 1, '4', 1, 0, '2025-03-01'),
(176, 1, '4', 2, 0, '2025-03-01'),
(177, 1, '4', 3, 0, '2025-03-01'),
(178, 1, '4', 4, 1, '2025-03-01'),
(179, 1, '5', 1, 1, '2025-03-01'),
(180, 1, '5', 2, 1, '2025-03-01'),
(181, 1, '5', 3, 0, '2025-03-01'),
(182, 1, '5', 4, 1, '2025-03-01'),
(183, 1, '6', 1, 0, '2025-03-01'),
(184, 1, '6', 2, 1, '2025-03-01'),
(185, 1, '6', 3, 1, '2025-03-01'),
(186, 1, '6', 4, 1, '2025-03-01'),
(187, 1, '7', 1, 1, '2025-03-01'),
(188, 1, '7', 2, 0, '2025-03-01'),
(189, 1, '7', 3, 1, '2025-03-01'),
(190, 1, '7', 4, 0, '2025-03-01'),
(191, 1, '8', 1, 0, '2025-03-01'),
(192, 1, '8', 2, 0, '2025-03-01'),
(193, 1, '8', 3, 1, '2025-03-01'),
(194, 1, '8', 4, 0, '2025-03-01'),
(195, 1, '9', 1, 0, '2025-03-01'),
(196, 1, '9', 2, 0, '2025-03-01'),
(197, 1, '9', 3, 1, '2025-03-01'),
(198, 1, '9', 4, 0, '2025-03-01'),
(199, 1, '1', 1, 1, '2025-04-01'),
(200, 1, '1', 2, 1, '2025-04-01'),
(201, 1, '1', 3, 1, '2025-04-01'),
(202, 1, '1', 4, 0, '2025-04-01'),
(203, 1, '2', 1, 0, '2025-04-01'),
(204, 1, '2', 2, 1, '2025-04-01'),
(205, 1, '2', 3, 1, '2025-04-01'),
(206, 1, '2', 4, 1, '2025-04-01'),
(207, 1, '3', 1, 0, '2025-04-01'),
(208, 1, '3', 2, 1, '2025-04-01'),
(209, 1, '3', 3, 1, '2025-04-01'),
(210, 1, '3', 4, 1, '2025-04-01'),
(211, 1, '4', 1, 0, '2025-04-01'),
(212, 1, '4', 2, 1, '2025-04-01'),
(213, 1, '4', 3, 1, '2025-04-01'),
(214, 1, '4', 4, 0, '2025-04-01'),
(215, 1, '5', 1, 1, '2025-04-01'),
(216, 1, '5', 2, 1, '2025-04-01'),
(217, 1, '5', 3, 1, '2025-04-01'),
(218, 1, '5', 4, 1, '2025-04-01'),
(219, 1, '6', 1, 0, '2025-04-01'),
(220, 1, '6', 2, 0, '2025-04-01'),
(221, 1, '6', 3, 1, '2025-04-01'),
(222, 1, '6', 4, 0, '2025-04-01'),
(223, 1, '7', 1, 0, '2025-04-01'),
(224, 1, '7', 2, 0, '2025-04-01'),
(225, 1, '7', 3, 1, '2025-04-01'),
(226, 1, '7', 4, 1, '2025-04-01'),
(227, 1, '8', 1, 0, '2025-04-01'),
(228, 1, '8', 2, 1, '2025-04-01'),
(229, 1, '8', 3, 0, '2025-04-01'),
(230, 1, '8', 4, 1, '2025-04-01'),
(231, 1, '9', 1, 0, '2025-04-01'),
(232, 1, '9', 2, 0, '2025-04-01'),
(233, 1, '9', 3, 1, '2025-04-01'),
(234, 1, '9', 4, 0, '2025-04-01'),
(235, 1, '1', 1, 0, '2025-05-01'),
(236, 1, '1', 2, 1, '2025-05-01'),
(237, 1, '1', 3, 0, '2025-05-01'),
(238, 1, '1', 4, 0, '2025-05-01'),
(239, 1, '2', 1, 1, '2025-05-01'),
(240, 1, '2', 2, 1, '2025-05-01'),
(241, 1, '2', 3, 0, '2025-05-01'),
(242, 1, '2', 4, 1, '2025-05-01'),
(243, 1, '3', 1, 1, '2025-05-01'),
(244, 1, '3', 2, 1, '2025-05-01'),
(245, 1, '3', 3, 1, '2025-05-01'),
(246, 1, '3', 4, 1, '2025-05-01'),
(247, 1, '4', 1, 1, '2025-05-01'),
(248, 1, '4', 2, 1, '2025-05-01'),
(249, 1, '4', 3, 0, '2025-05-01'),
(250, 1, '4', 4, 1, '2025-05-01'),
(251, 1, '5', 1, 1, '2025-05-01'),
(252, 1, '5', 2, 1, '2025-05-01'),
(253, 1, '5', 3, 1, '2025-05-01'),
(254, 1, '5', 4, 0, '2025-05-01'),
(255, 1, '6', 1, 1, '2025-05-01'),
(256, 1, '6', 2, 1, '2025-05-01'),
(257, 1, '6', 3, 1, '2025-05-01'),
(258, 1, '6', 4, 0, '2025-05-01'),
(259, 1, '7', 1, 0, '2025-05-01'),
(260, 1, '7', 2, 1, '2025-05-01'),
(261, 1, '7', 3, 1, '2025-05-01'),
(262, 1, '7', 4, 1, '2025-05-01'),
(263, 1, '8', 1, 1, '2025-05-01'),
(264, 1, '8', 2, 1, '2025-05-01'),
(265, 1, '8', 3, 1, '2025-05-01'),
(266, 1, '8', 4, 1, '2025-05-01'),
(267, 1, '9', 1, 1, '2025-05-01'),
(268, 1, '9', 2, 0, '2025-05-01'),
(269, 1, '9', 3, 1, '2025-05-01'),
(270, 1, '9', 4, 1, '2025-05-01'),
(271, 1, '1', 1, 1, '2025-06-01'),
(272, 1, '1', 2, 0, '2025-06-01'),
(273, 1, '1', 3, 0, '2025-06-01'),
(274, 1, '1', 4, 0, '2025-06-01'),
(275, 1, '2', 1, 1, '2025-06-01'),
(276, 1, '2', 2, 1, '2025-06-01'),
(277, 1, '2', 3, 1, '2025-06-01'),
(278, 1, '2', 4, 1, '2025-06-01'),
(279, 1, '3', 1, 0, '2025-06-01'),
(280, 1, '3', 2, 1, '2025-06-01'),
(281, 1, '3', 3, 0, '2025-06-01'),
(282, 1, '3', 4, 1, '2025-06-01'),
(283, 1, '4', 1, 0, '2025-06-01'),
(284, 1, '4', 2, 1, '2025-06-01'),
(285, 1, '4', 3, 1, '2025-06-01'),
(286, 1, '4', 4, 0, '2025-06-01'),
(287, 1, '5', 1, 0, '2025-06-01'),
(288, 1, '5', 2, 0, '2025-06-01'),
(289, 1, '5', 3, 1, '2025-06-01'),
(290, 1, '5', 4, 1, '2025-06-01'),
(291, 1, '6', 1, 1, '2025-06-01'),
(292, 1, '6', 2, 0, '2025-06-01'),
(293, 1, '6', 3, 1, '2025-06-01'),
(294, 1, '6', 4, 1, '2025-06-01'),
(295, 1, '7', 1, 1, '2025-06-01'),
(296, 1, '7', 2, 1, '2025-06-01'),
(297, 1, '7', 3, 1, '2025-06-01'),
(298, 1, '7', 4, 1, '2025-06-01'),
(299, 1, '8', 1, 1, '2025-06-01'),
(300, 1, '8', 2, 1, '2025-06-01'),
(301, 1, '8', 3, 1, '2025-06-01'),
(302, 1, '8', 4, 0, '2025-06-01'),
(303, 1, '9', 1, 1, '2025-06-01'),
(304, 1, '9', 2, 1, '2025-06-01'),
(305, 1, '9', 3, 1, '2025-06-01'),
(306, 1, '9', 4, 0, '2025-06-01'),
(307, 1, '9', 1, 1, '2025-07-30'),
(308, 1, '8', 1, 1, '2025-07-30'),
(309, 1, '7', 1, 1, '2025-07-30'),
(310, 1, '6', 1, 1, '2025-07-30'),
(311, 1, '5', 1, 1, '2025-07-30'),
(312, 1, '4', 1, 1, '2025-07-30'),
(313, 1, '3', 1, 1, '2025-07-30'),
(314, 1, '2', 1, 1, '2025-07-30'),
(315, 1, '1', 1, 1, '2025-07-30'),
(316, 1, '9', 2, 1, '2025-07-30'),
(317, 1, '8', 2, 0, '2025-07-30'),
(318, 1, '7', 2, 1, '2025-07-30'),
(319, 1, '6', 2, 1, '2025-07-30'),
(320, 1, '5', 2, 0, '2025-07-30'),
(321, 1, '4', 2, 1, '2025-07-30'),
(322, 1, '3', 2, 1, '2025-07-30'),
(323, 1, '2', 2, 0, '2025-07-30'),
(324, 1, '1', 2, 1, '2025-07-30'),
(325, 1, '9', 3, 1, '2025-07-30'),
(326, 1, '8', 3, 0, '2025-07-30'),
(327, 1, '7', 3, 1, '2025-07-30'),
(328, 1, '6', 3, 0, '2025-07-30'),
(329, 1, '5', 3, 1, '2025-07-30'),
(330, 1, '4', 3, 0, '2025-07-30'),
(331, 1, '3', 3, 1, '2025-07-30'),
(332, 1, '2', 3, 1, '2025-07-30'),
(333, 1, '1', 3, 1, '2025-07-30'),
(334, 1, '9', 4, 0, '2025-07-30'),
(335, 1, '8', 4, 1, '2025-07-30'),
(336, 1, '7', 4, 1, '2025-07-30'),
(337, 1, '6', 4, 0, '2025-07-30'),
(338, 1, '5', 4, 1, '2025-07-30'),
(339, 1, '4', 4, 0, '2025-07-30'),
(340, 1, '3', 4, 1, '2025-07-30'),
(341, 1, '2', 4, 0, '2025-07-30'),
(342, 1, '1', 4, 1, '2025-07-30'),
(343, 1, '9', 1, 0, '2025-08-04'),
(344, 1, '9', 2, 0, '2025-08-04'),
(345, 1, '8', 2, 1, '2025-08-04'),
(346, 1, '7', 2, 0, '2025-08-04'),
(347, 1, '6', 2, 1, '2025-08-04'),
(348, 1, '5', 2, 0, '2025-08-04'),
(349, 1, '4', 2, 0, '2025-08-04'),
(350, 1, '3', 2, 1, '2025-08-04'),
(351, 1, '2', 2, 0, '2025-08-04'),
(352, 1, '1', 2, 1, '2025-08-04'),
(353, 1, '9', 4, 1, '2025-08-04'),
(354, 1, '8', 4, 0, '2025-08-04'),
(355, 1, '7', 4, 1, '2025-08-04'),
(356, 1, '6', 4, 0, '2025-08-04'),
(357, 1, '5', 4, 1, '2025-08-04'),
(358, 1, '4', 4, 0, '2025-08-04'),
(359, 1, '3', 4, 1, '2025-08-04'),
(360, 1, '2', 4, 0, '2025-08-04'),
(361, 1, '1', 4, 1, '2025-08-04'),
(362, 1, '8', 1, 0, '2025-08-04'),
(363, 1, '7', 1, 1, '2025-08-04'),
(364, 1, '6', 1, 0, '2025-08-04'),
(365, 1, '5', 1, 1, '2025-08-04'),
(366, 1, '4', 1, 0, '2025-08-04'),
(367, 1, '3', 1, 0, '2025-08-04'),
(368, 1, '2', 1, 1, '2025-08-04'),
(369, 1, '1', 1, 2, '2025-08-05'),
(370, 1, '10', 1, 1, '2025-08-05'),
(371, 1, '11', 1, 1, '2025-08-05'),
(372, 1, '12', 1, 1, '2025-08-05'),
(373, 1, '13', 1, 1, '2025-08-05'),
(374, 1, '14', 1, 1, '2025-08-05'),
(375, 1, '15', 1, 1, '2025-08-05'),
(376, 1, '16', 1, 1, '2025-08-05'),
(377, 1, '17', 1, 1, '2025-08-05'),
(378, 1, '18', 1, 1, '2025-08-05'),
(379, 1, '19', 1, 2, '2025-08-05');

-- --------------------------------------------------------

--
-- Table structure for table `supervisi`
--

CREATE TABLE `supervisi` (
  `id` int(11) NOT NULL,
  `user_id` int(11) NOT NULL,
  `indikator_jenis` varchar(255) NOT NULL,
  `indikator_id` varchar(255) NOT NULL,
  `minggu` int(11) NOT NULL,
  `nilai` int(11) NOT NULL,
  `waktu` int(11) NOT NULL DEFAULT current_timestamp()
) ENGINE=InnoDB DEFAULT CHARSET=latin1 COLLATE=latin1_swedish_ci;

-- --------------------------------------------------------

--
-- Table structure for table `user`
--

CREATE TABLE `user` (
  `user_id` int(11) NOT NULL,
  `nama_unit` varchar(100) NOT NULL,
  `role` enum('admin','user') DEFAULT 'user',
  `password` varchar(255) NOT NULL
) ENGINE=InnoDB DEFAULT CHARSET=latin1 COLLATE=latin1_swedish_ci;

--
-- Dumping data for table `user`
--

INSERT INTO `user` (`user_id`, `nama_unit`, `role`, `password`) VALUES
(1, 'IT', 'user', '$2b$12$AOw7k4ptpoVNYBtZB2Omle2nQETQxvxpD1Qy0eOOvBVL3E2UI80IC');

--
-- Indexes for dumped tables
--

--
-- Indexes for table `indikators`
--
ALTER TABLE `indikators`
  ADD PRIMARY KEY (`indikator_id`);

--
-- Indexes for table `monitoring_benda_tajam`
--
ALTER TABLE `monitoring_benda_tajam`
  ADD PRIMARY KEY (`id`);

--
-- Indexes for table `supervisi`
--
ALTER TABLE `supervisi`
  ADD PRIMARY KEY (`id`);

--
-- Indexes for table `user`
--
ALTER TABLE `user`
  ADD PRIMARY KEY (`user_id`);

--
-- AUTO_INCREMENT for dumped tables
--

--
-- AUTO_INCREMENT for table `indikators`
--
ALTER TABLE `indikators`
  MODIFY `indikator_id` int(11) NOT NULL AUTO_INCREMENT, AUTO_INCREMENT=20;

--
-- AUTO_INCREMENT for table `monitoring_benda_tajam`
--
ALTER TABLE `monitoring_benda_tajam`
  MODIFY `id` int(11) NOT NULL AUTO_INCREMENT, AUTO_INCREMENT=380;

--
-- AUTO_INCREMENT for table `supervisi`
--
ALTER TABLE `supervisi`
  MODIFY `id` int(11) NOT NULL AUTO_INCREMENT;

--
-- AUTO_INCREMENT for table `user`
--
ALTER TABLE `user`
  MODIFY `user_id` int(11) NOT NULL AUTO_INCREMENT, AUTO_INCREMENT=2;
COMMIT;

/*!40101 SET CHARACTER_SET_CLIENT=@OLD_CHARACTER_SET_CLIENT */;
/*!40101 SET CHARACTER_SET_RESULTS=@OLD_CHARACTER_SET_RESULTS */;
/*!40101 SET COLLATION_CONNECTION=@OLD_COLLATION_CONNECTION */;
